description,recommendationSource,recommendationImpact,recommendationResourceType,remediationAction,recommendationControl,acorlGuid,recommendationTypeId,recommendationMetadataState,potentialBenefits,pgVerified,publishedToLearn,automationAvailable,tags,learnMoreLink,SourceFile,SourceType,ResourceGroupName,RecommendationDate,RecommendationTypeId,RecommendationSolution,RecommendationProvider,RecommendationId,ResourceCategory,RecommendationControl,RecommendationMaturityLevel,RecommendationCategory,RecommendationDescription,RecommendationImpact,ResourceType,RecommendationDetails
Determine the Right Blob Storage Tier,Manual,Medium,microsoft.storage/storageaccounts,"Select the appropriate Blob Storage tier (Hot, Cool, or Archive) based on access frequency and cost.
",UsageOptimization/OptimizeResources,6613e168-6d78-4dfe-85b0-e15df102bdec,,Active,Optimize cost,False,False,False,,"[{'name': 'Access tiers for blob data', 'url': 'https://learn.microsoft.com/en-us/azure/storage/blobs/access-tiers-overview'}]",content/azure-resources/storage/blob/recommendations.yaml,YAML,,,,,,,,,,,,,,
Optimize costs by automatically managing the data lifecycle,Manual,Medium,microsoft.storage/storageaccounts,"Enable lifecycle management policies to automatically move data to the appropriate storage tier.
",UsageOptimization/OptimizeResources,f6a53c88-9d40-4cee-9c89-36e9e4a1c29e,,Active,Optimize cost,False,False,False,,"[{'name': 'Lifecycle management policies', 'url': 'https://learn.microsoft.com/en-us/azure/storage/blobs/lifecycle-management-overview?tabs=azure-portal'}]",content/azure-resources/storage/blob/recommendations.yaml,YAML,,,,,,,,,,,,,,
Determine if your workload needs Azure Premium SSD performance or if Azure Standard HDD storage is enough,Manual,Low,Microsoft.Compute/disks,"If you need high IOPS, fast data transfer speeds, or low latency, opt for premium Azure file shares. Note that NFS Azure file shares are only available on the premium tier, and NFS and SMB file shares cost the same on this tier.
",UsageOptimization/OptimizeResources,c065d74b-d117-4851-b525-b7c4ebd0a4a3,,Active,Optimize cost,False,False,False,,"[{'name': 'Understand and optimize Azure file share performance', 'url': 'https://learn.microsoft.com/en-us/azure/storage/files/understand-performance'}]",content/azure-resources/storage/fileServices/recommendations.yaml,YAML,,,,,,,,,,,,,,
"If using premium shares, provision enough capacity and performance for your workload without incurring unnecessary costs",Manual,Low,Microsoft.Compute/disks,"We recommend overprovisioning by two to three times. You can dynamically scale premium file shares up or down depending on your storage and input/output (IO) performance characteristics.
",UsageOptimization/OptimizeResources,9ec1f442-ca32-4cb2-aa8d-c11de74a323b,,Active,Optimize cost,False,False,False,,"[{'name': 'Architecture best practices for Azure Files', 'url': 'https://learn.microsoft.com/en-us/azure/well-architected/service-guides/azure-files#design-checklist-1'}]",content/azure-resources/storage/fileServices/recommendations.yaml,YAML,,,,,,,,,,,,,,
Choose the most cost-effective access tier,Manual,Low,Microsoft.Compute/disks,"Standard SMB Azure file shares offer three access tiers: transaction optimized, hot, and cool. All three tiers are stored on the same standard storage hardware. The main difference for these three tiers is their data at rest storage prices, which are lower in cooler tiers, and the transaction prices, which are higher in cooler tiers
",UsageOptimization/OptimizeResources,f0cd22ef-af24-44cf-b81b-aec73a27295c,,Active,Optimize cost,False,False,False,,"[{'name': 'Understand Azure Files billing models', 'url': 'https://learn.microsoft.com/en-us/azure/storage/files/understanding-billing#differences-in-standard-tiers'}]",content/azure-resources/storage/fileServices/recommendations.yaml,YAML,,,,,,,,,,,,,,
Set retention periods for the soft-delete feature,Manual,Low,Microsoft.Compute/disks,"Start with a short retention period to understand its billing impact. The minimum recommended period is seven days. Soft-deleted standard and premium file shares are billed as used capacity. Premium file shares are billed at the snapshot rate, while standard file shares are billed at the regular rate during the soft-delete state.
",UsageOptimization/OptimizeResources,b92dc04e-8464-4352-aba6-205ff0240e2f,,Active,Optimize cost,False,False,False,,"[{'name': 'How to enable soft delete on Azure file shares', 'url': 'https://learn.microsoft.com/en-us/azure/storage/files/storage-files-enable-soft-delete?tabs=azure-portal'}]",content/azure-resources/storage/fileServices/recommendations.yaml,YAML,,,,,,,,,,,,,,
Use Resource Locks on Critical Resources,Manual,Low,Microsoft.Authorization/locks,"Apply Resource Locks to prevent accidental deletion or modification of critical resources, which can lead to unplanned costs or downtime.
",Governance/ResourceProtection,be004a44-c027-4205-a14b-52dd3eb3a98e,,Active,Compliance,False,False,False,,"[{'name': 'Azure Resource Locks overview', 'url': 'https://learn.microsoft.com/en-us/azure/azure-resource-manager/management/lock-resources?tabs=json'}]",content/azure-resources/CustomCost/recommendations.yaml,YAML,,,,,,,,,,,,,,
Use Management Groups for Hierarchical Organization,Manual,Low,Microsoft.management/managementgroups,"Organize multiple subscriptions under Management Groups to apply consistent policies and access control across all resources. This enables easy management and enforcement of best practices.
",Governance/Compliance,106065c1-b217-4fc5-bae0-1fe6035bdc86,,Active,"Governance, Compliance",False,False,False,,"[{'name': 'Azure management groups overview', 'url': 'https://learn.microsoft.com/en-us/azure/governance/management-groups/overview'}]",content/azure-resources/CustomCost/recommendations.yaml,YAML,,,,,,,,,,,,,,
Apply Azure Policies to Standardize Resource Usage,Manual,Low,Microsoft.PolicyInsights,"Define Azure Policies at the subscription or management group level to enforce resource configurations, such as requiring specific VM sizes, storage redundancy, or geographic regions, to prevent unnecessary costs.
",Governance/ResourceManagement,480d3a1a-4b76-4d58-a455-186e6b4c6e0d,,Active,"Governance, Compliance",False,False,False,,"[{'name': 'Azure Policy overview', 'url': 'https://learn.microsoft.com/en-us/azure/governance/policy/overview'}]",content/azure-resources/CustomCost/recommendations.yaml,YAML,,,,,,,,,,,,,,
Use Azure Policy to Enforce Tags,Manual,Low,Microsoft.PolicyInsights,"Enforce tagging compliance using Azure Policy, ensuring all resources are tagged appropriately from creation to avoid missing data in cost reporting.
",CostManagement/CostAllocation,4241cf7d-7051-4774-9fa1-85b1976a0677,,Active,"Governance, Cost allocation",False,False,False,,"[{'name': 'Assign policy definitions for tag compliance', 'url': 'https://learn.microsoft.com/en-us/azure/azure-resource-manager/management/tag-policies'}]",content/azure-resources/CustomCost/recommendations.yaml,YAML,,,,,,,,,,,,,,
Review Reservation Utilization Regularly,Manual,High,Microsoft/CustomCost,"Monitor RI utilization to ensure commitments are fully used. Adjust reservations if usage patterns change significantly. Leverage reservation utilization alerts
",RateOptimization/OptimizingUsage,c8be9bc8-9a6a-4e66-9a61-c11d1b54c189,,Active,Cost optimization,False,False,False,,"[{'name': 'Reservation utilization alerts', 'url': 'https://learn.microsoft.com/en-us/azure/cost-management-billing/costs/reservation-utilization-alerts'}]",content/azure-resources/CustomCost/recommendations.yaml,YAML,,,,,,,,,,,,,,
Set Budgets and Alerts,Manual,Low,Microsoft/CustomCost,"Use Azure Cost Management + Billing to set budgets at subscription, resource group, or resource levels and set up alerts to notify stakeholders when usage approaches budget limits.
",Governance/BudgetCostControl,c0e099e7-b4fa-4eeb-8d2d-1ba2ace8a628,,Active,,False,False,False,,"[{'name': 'Reservation utilization alerts', 'url': 'https://learn.microsoft.com/en-us/azure/cost-management-billing/costs/reservation-utilization-alerts'}]",content/azure-resources/CustomCost/recommendations.yaml,YAML,,,,,,,,,,,,,,
Automate Resource Shutdown and Startup,Manual,Low,Microsoft/CustomCost,"Schedule non-critical VMs or services to shut down after hours or during low-use periods. Use Azure Automation or Azure Logic Apps to automatically manage resource shutdowns.
",UsageOptimization/OptimizeResources,039f835e-ce7a-495a-bea6-67bffb7a03ae,,Active,,False,False,False,,"[{'name': 'Choose the Automation services in Azure', 'url': 'https://learn.microsoft.com/en-us/azure/automation/automation-services'}]",content/azure-resources/CustomCost/recommendations.yaml,YAML,,,,,,,,,,,,,,
Leverage Azure DevTest Labs for Development Environments,Manual,Low,Microsoft/CustomCost,"Use Azure DevTest Labs to automate the provisioning and de-provisioning of resources for development environments, reducing idle time and costs in non-production environments.
",UsageOptimization/OptimizeResources,43f8238b-0404-47a4-b82c-4573571dde02,,Active,,False,False,False,,"[{'name': 'Azure DevTest Labs overview', 'url': 'https://learn.microsoft.com/en-us/azure/devtest-labs/devtest-lab-overview'}]",content/azure-resources/CustomCost/recommendations.yaml,YAML,,,,,,,,,,,,,,
Establish FinOps Practices for Cost Visibility,Manual,Low,Microsoft/CustomCost,"Create a cross-functional FinOps team involving finance, engineering, and management to continuously review and optimize costs, ensure accountability, and enforce cost-saving practices.
",FinOps/CostVisibility,45fc8c4c-1f94-4fb3-b9a3-41d565f4aac3,,Active,Microsoft/CustomCost,False,False,False,,"[{'name': 'FinOps overview', 'url': 'https://learn.microsoft.com/en-us/cloud-computing/finops/overview'}]",content/azure-resources/CustomCost/recommendations.yaml,YAML,,,,,,,,,,,,,,
Proactively perform cost reviews (Regularly Review Billing Reports and Cost Management Insights),Manual,Low,Microsoft/CustomCost,"Use Azure Cost Management + Billing to generate and review cost reports. Look for anomalies, unused resources, and opportunities to optimize.
",CostManagement/CostMonitoring,93ed1fd5-8ab4-4afd-8315-aab0093db580,,Active,Microsoft/CustomCost,False,False,False,,[{'name': 'Get started with Cost Management reporting'}],content/azure-resources/CustomCost/recommendations.yaml,YAML,,,,,,,,,,,,,,
Select the appropriate AKS Tier,Manual,Medium,Microsoft.ContainerService/managedClusters,"Use the Free Tier for development and testing to avoid control plane costs, paying only for VMs, storage, and networking. Choose the Standard Tier for production workloads needing scalability, performance, and uptime SLA support. For mission-critical workloads, opt for the Premium Tier, which offers high availability, a financially backed SLA, and extended Kubernetes version support.
",UsageOptimization/OptimizeResources,4377cee6-dbbc-448a-9c7a-74ec87116719,,Active,Optimize existing resources,False,False,False,,"[{'name': 'Free, Standard, and Premium pricing tiers for Azure Kubernetes Service (AKS) cluster management', 'url': 'https://learn.microsoft.com/en-us/azure/aks/free-standard-pricing-tiers'}]",content/azure-resources/ContainerService/managedClusters/recommendations.yaml,YAML,,,,,,,,,,,,,,
Increase Cost Visibility with Microsoft Cost Management,Manual,Medium,Microsoft.ContainerService/managedClusters,"Use Microsoft Cost Management to track spending, set budgets, and forecast costs. Enable the AKS Cost Analysis add-on for for granular cluster cost breakdown by Kubernetes constructs along with Azure Compute, Network, and Storage categories.
",Governance/CostVisibility,0ff25323-819f-466f-80b2-4beeec398dd4,,Active,Optimize existing resources,False,False,False,,"[{'name': 'Azure Kubernetes Service (AKS) cost analysis', 'url': 'https://learn.microsoft.com/en-us/azure/aks/cost-analysis'}]",content/azure-resources/ContainerService/managedClusters/recommendations.yaml,YAML,,,,,,,,,,,,,,
Use cluster start/stop feature,Manual,Medium,Microsoft.ContainerService/managedClusters,"Reduce costs by stopping unused dev/test clusters with the cluster start/stop feature. It shuts down node pools while preserving cluster state, eliminating unnecessary compute charges.
",UsageOptimization/OptimizeResources,38ca350f-786b-4a30-9bd2-8f716de4ccff,,Active,Optimize existing resources,False,False,False,,"[{'name': 'Stop and start an Azure Kubernetes Service (AKS) cluster', 'url': 'https://learn.microsoft.com/en-us/azure/aks/start-stop-cluster'}]",content/azure-resources/ContainerService/managedClusters/recommendations.yaml,YAML,,,,,,,,,,,,,,
Use Spot VMs,Manual,Low,Microsoft.ContainerService/managedClusters,"Deploy Spot VMs in AKS to save up to 90% on compute costs by using Azure’s unused capacity. Ideal for dev/test, batch jobs, and workloads that can tolerate interruptions, but note that Azure may reclaim capacity at any time.
",UsageOptimization/OptimizeResources,c4ee932c-d5e5-4759-a275-7c333086f9bd,,Active,Optimize existing resources,False,False,False,,"[{'name': 'Use Azure Spot Virtual Machines', 'url': 'https://learn.microsoft.com/en-us/azure/virtual-machines/spot-vms'}, {'name': 'Add an Azure Spot node pool to an Azure Kubernetes Service (AKS) cluster', 'url': 'https://learn.microsoft.com/en-us/azure/aks/spot-node-pool'}]",content/azure-resources/ContainerService/managedClusters/recommendations.yaml,YAML,,,,,,,,,,,,,,
Use cluster preset configurations,Manual,Low,Microsoft.ContainerService/managedClusters,"Simplify AKS setup by using cluster preset configurations in the Azure portal. Choose Dev/Test for development and testing, or Production Economy for cost-conscious production workloads that can handle interruptions. These presets provide optimized, adjustable settings for VM SKUs, regions, and node counts to balance performance and cost.
",UsageOptimization/OptimizeResources,5cba0ce3-0860-405e-a386-e1a948f30795,,Active,Optimize existing resources,False,False,False,,"[{'name': 'Cluster configuration presets in the Azure portal', 'url': 'https://learn.microsoft.com/en-us/azure/aks/quotas-skus-regions#cluster-configuration-presets-in-the-azure-portal'}]",content/azure-resources/ContainerService/managedClusters/recommendations.yaml,YAML,,,,,,,,,,,,,,
Consider multitenancy,Manual,Medium,Microsoft.ContainerService/managedClusters,"Reduce management overhead and improve resource utilization by running multitenant AKS clusters. Use Kubernetes Namespaces for logical isolation, allowing teams or business units to share infrastructure while maintaining separation. This approach increases pod density and optimizes costs.
",UsageOptimization/OptimizeResources,df717616-7c47-4e6d-ab5b-28b59a6164c8,,Active,Optimize existing resources,False,False,False,,"[{'name': 'Azure Kubernetes Service (AKS) considerations for multitenancy', 'url': 'https://learn.microsoft.com/en-us/azure/architecture/guide/multitenant/service/aks'}]",content/azure-resources/ContainerService/managedClusters/recommendations.yaml,YAML,,,,,,,,,,,,,,
Enable application autoscaling,Manual,Medium,Microsoft.ContainerService/managedClusters,"Improve efficiency by enabling Vertical Pod Autoscaler (VPA) to adjust CPU and memory requests based on usage and Horizontal Pod Autoscaler (HPA) to scale pod replicas based on demand. Avoid using both for the same metrics to prevent conflicts. For event-driven workloads, use Kubernetes Event-driven Autoscaler (KEDA) to scale based on triggers like HTTP traffic or message queue length.  
",UsageOptimization/OptimizeResources,8e3b5526-652d-4390-b89f-386f38e26044,,Active,Optimize existing resources,False,False,False,,"[{'name': 'Vertical pod autoscaling', 'url': 'https://learn.microsoft.com/en-us/azure/aks/vertical-pod-autoscaler'}, {'name': 'Horizontal pod autoscaler', 'url': 'https://learn.microsoft.com/en-us/azure/aks/concepts-scale#horizontal-pod-autoscaler'}, {'name': 'Simplified application autoscaling with Kubernetes Event-driven Autoscaling (KEDA) add-on', 'url': 'https://learn.microsoft.com/en-us/azure/aks/keda-about'}]",content/azure-resources/ContainerService/managedClusters/recommendations.yaml,YAML,,,,,,,,,,,,,,
Enable infrastructure autoscaling,Manual,Medium,Microsoft.ContainerService/managedClusters,"Use Cluster Autoscaler to automatically adjust node count based on workload demand, scaling up when resources are needed and down when nodes are idle. Enable Node Autoprovisioning (NAP) to simplify VM SKU selection, optimizing node pools for cost and performance without manual configuration.
",UsageOptimization/OptimizeResources,7a91559e-1baf-4ebd-a4a0-51ddd0242631,,Active,Optimize existing resources,False,False,False,,"[{'name': 'Cluster autoscaler', 'url': 'https://learn.microsoft.com/en-us/azure/aks/cluster-autoscaler-overview'}, {'name': 'Node autoprovisioning', 'url': 'https://learn.microsoft.com/en-us/azure/aks/node-autoprovision'}]",content/azure-resources/ContainerService/managedClusters/recommendations.yaml,YAML,,,,,,,,,,,,,,
Optimize AKS Control Plane Logging,Manual,Medium,Microsoft.ContainerService/managedClusters,"Enable diagnostic settings in Azure Monitor, but disable kube-audit when not required. Use kube-audit-admin for fewer events and configure AKSAudit logs as basic logs to reduce costs.
",UsageOptimization/OptimizeResources,17f0aa27-e655-4b45-b6ea-11eb662b654d,,Active,Optimize existing resources,False,False,False,,"[{'name': 'AKS control plane/resource logs', 'url': 'https://learn.microsoft.com/en-us/azure/aks/monitor-aks#aks-control-planeresource-logs'}, {'name': 'Collect control plane logs for AKS clusters', 'url': 'https://learn.microsoft.com/en-us/azure/azure-monitor/containers/monitor-kubernetes#collect-control-plane-logs-for-aks-clusters'}]",content/azure-resources/ContainerService/managedClusters/recommendations.yaml,YAML,,,,,,,,,,,,,,
Optimize AKS Data Plane Logging,Manual,Medium,Microsoft.ContainerService/managedClusters,"Use Container Insights to monitor and troubleshoot AKS workloads while optimizing costs. Customize data collection settings via Azure Monitor Data Collection Rules (DCR) to control log ingestion. Enable only necessary tables, adjust collection intervals, and exclude unneeded namespaces. For metrics, use Azure Monitor managed Prometheus and Azure Managed Grafana for visualization instead of collecting all logs.
",UsageOptimization/OptimizeResources,16b8a453-dd44-4856-a929-7e2c47d39c45,,Active,Optimize existing resources,False,False,False,,"[{'name': 'AKS data plane/Container Insights logs', 'url': 'https://learn.microsoft.com/en-us/azure/aks/monitor-aks#aks-control-planeresource-logs'}]",content/azure-resources/ContainerService/managedClusters/recommendations.yaml,YAML,,,,,,,,,,,,,,
Choose the appropriate storage type,Manual,Medium,Microsoft.ContainerService/managedClusters,"Understand the needs of your application to pick the right storage. Use high performance, SSD-backed storage for production workloads. Plan for network-based storage when you need multiple concurrent connections.
",UsageOptimization/OptimizeResources,845d0c24-a085-4aee-a29c-7e9ae6b469b0,,Active,Optimize existing resources,False,False,False,,"[{'name': 'Choose the appropriate storage type', 'url': 'https://learn.microsoft.com/en-us/azure/aks/operator-best-practices-storage#choose-the-appropriate-storage-type'}]",content/azure-resources/ContainerService/managedClusters/recommendations.yaml,YAML,,,,,,,,,,,,,,
Size the nodes for storage needs,Manual,Medium,Microsoft.ContainerService/managedClusters,"Each node size supports a maximum number of disks. Different node sizes also provide different amounts of local storage and network bandwidth. Plan appropriately for your application demands to deploy the right size of nodes.  potentialBenefits: Optimize existing resources
",UsageOptimization/OptimizeResources,a4d40407-1b36-4c0c-b2f5-76c06f9e4951,,Active,Optimize existing resources,False,False,False,,"[{'name': 'Size the nodes for storage needs', 'url': 'https://learn.microsoft.com/en-us/azure/aks/operator-best-practices-storage#size-the-nodes-for-storage-needs'}]",content/azure-resources/ContainerService/managedClusters/recommendations.yaml,YAML,,,,,,,,,,,,,,
Dynamically provision volumes,Manual,Medium,Microsoft.ContainerService/managedClusters,"To reduce management overhead and enable scaling, avoid statically create and assign persistent volumes. Use dynamic provisioning. In your storage classes, define the appropriate reclaim policy to minimize unneeded storage costs once pods are deleted.
",UsageOptimization/OptimizeResources,23641583-a8c7-4a5b-aef5-34e9e2e7e7a4,,Active,Optimize existing resources,False,False,False,,"[{'name': 'Dynamically provision volumes', 'url': 'https://learn.microsoft.com/en-us/azure/aks/operator-best-practices-storage#dynamically-provision-volumes'}]",content/azure-resources/ContainerService/managedClusters/recommendations.yaml,YAML,,,,,,,,,,,,,,
Filter at the Source,Manual,Low,Microsoft.OperationalInsights/Workspaces,"Use Data Collection Rules (DCRs) to capture only essential logs and metrics before ingestion. This helps cut costs by stopping unnecessary data from even entering Azure Monitor.
",UsageOptimization/OptimizeResources,9e3f8992-d14c-4e27-b729-41af52a9314f,,Active,Optimize cost,False,False,False,,"[{'name': 'Data collection rules (DCRs) in Azure Monitor', 'url': 'https://learn.microsoft.com/en-us/azure/azure-monitor/essentials/data-collection-rule-overview'}]",content/azure-resources/operationalinsights/workspaces/recommendations.yaml,YAML,,,,,,,,,,,,,,
Optimize Log Diagnostic Settings,Manual,Low,Microsoft.OperationalInsights/Workspaces,"Configure Azure Monitor Diagnostic Settings to collect only critical logs and send them where they're actually useful, like Log Analytics, Event Hubs, or Storage Accounts—instead of just dumping everything in one place.
",UsageOptimization/OptimizeResources,1f778b08-747a-4ba7-bc7e-1ae17629b2cd,,Active,Optimize cost,False,False,False,,"[{'name': 'Diagnostic settings in Azure Monitor', 'url': 'https://learn.microsoft.com/en-us/azure/azure-monitor/essentials/diagnostic-settings'}]",content/azure-resources/operationalinsights/workspaces/recommendations.yaml,YAML,,,,,,,,,,,,,,
Adjust Collection Frequency,Manual,Low,Microsoft.OperationalInsights/Workspaces,"Modify performance counter sampling rates to balance detail with cost. Instead of collecting data every few seconds, set reasonable intervals in VM Insights and Container Insights to avoid excessive ingestion costs.
",UsageOptimization/OptimizeResources,8525badd-41a9-457d-83c6-a14930e30e2a,,Active,Optimize cost,False,False,False,,"[{'name': 'Azure Monitor best practices: Configure data collection', 'url': 'https://learn.microsoft.com/en-us/azure/azure-monitor/best-practices-data-collection'}]",content/azure-resources/operationalinsights/workspaces/recommendations.yaml,YAML,,,,,,,,,,,,,,
Leverage VM Insights Wisely,Manual,Low,Microsoft.OperationalInsights/Workspaces,"Enable only the performance metrics you actually need. If availability is your main concern, rely on Log Analytics Agent Heartbeat Logs instead of collecting redundant telemetry data.
",UsageOptimization/OptimizeResources,067613a2-e98b-43f6-be3c-55c157fb188a,,Active,Optimize cost,False,False,False,,"[{'name': 'VM Insights Overview', 'url': 'https://learn.microsoft.com/en-us/azure/azure-monitor/vm/vminsights-overview'}]",content/azure-resources/operationalinsights/workspaces/recommendations.yaml,YAML,,,,,,,,,,,,,,
Use Azure Policies for Automation,Manual,Low,Microsoft.OperationalInsights/Workspaces,"Implement Azure Policy definitions to enforce cost-efficient monitoring settings across your subscriptions, making sure unnecessary logs aren't collected in the first place.
",UsageOptimization/OptimizeResources,0111448b-8e0c-46a1-b4df-84289f5de528,,Active,Optimize cost,False,False,False,,"[{'name': 'Azure Policy built-in definitions for Azure Automation', 'url': 'https://learn.microsoft.com/en-us/azure/automation/policy-reference'}]",content/azure-resources/operationalinsights/workspaces/recommendations.yaml,YAML,,,,,,,,,,,,,,
Enable Basic Logs for High-Volume Data,Manual,Low,Microsoft.OperationalInsights/Workspaces,"For logs that don't need real-time access, like Activity Logs and Audit Logs, switch them to Basic Logs instead of paying for full ingestion and indexing.
",UsageOptimization/OptimizeResources,43f13045-f11f-4330-8bdd-5843aaac777e,,Active,Optimize cost,False,False,False,,"[{'name': 'Tables that support the Basic table plan in Azure Monitor Logs', 'url': 'https://learn.microsoft.com/en-us/azure/azure-monitor/logs/basic-logs-azure-tables'}]",content/azure-resources/operationalinsights/workspaces/recommendations.yaml,YAML,,,,,,,,,,,,,,
Set Appropriate Retention Periods,Manual,Low,Microsoft.OperationalInsights/Workspaces,"Configure Azure Log Analytics Workspace retention policies to match your compliance needs. Keep active logs for a practical period (e.g., 30-90 days) and move older ones to cheaper storage.
",UsageOptimization/OptimizeResources,6908fe33-29b1-4c1c-a26c-d88fa16a03bb,,Active,Optimize cost,False,False,False,,"[{'name': 'Configure Data Retention', 'url': 'https://learn.microsoft.com/en-us/troubleshoot/azure/azure-monitor/log-analytics/billing/configure-data-retention'}]",content/azure-resources/operationalinsights/workspaces/recommendations.yaml,YAML,,,,,,,,,,,,,,
Automate Data Purging,Manual,Low,Microsoft.OperationalInsights/Workspaces,"Set up Log Analytics Workspace Data Purging Policies to automatically delete old, non-essential logs once they've passed their usefulness, preventing unnecessary storage costs from piling up.
",UsageOptimization/OptimizeResources,eda294d5-9358-4542-aecb-2387a092f04c,,Active,Optimize cost,False,False,False,,"[{'name': 'Manage data retention in a Log Analytics workspace', 'url': 'https://learn.microsoft.com/en-us/azure/azure-monitor/logs/data-retention-configure?tabs=portal-3%2Cportal-1%2Cportal-2'}, {'name': 'Workspaces - Update', 'url': 'https://learn.microsoft.com/en-us/rest/api/loganalytics/workspaces/update?view=rest-loganalytics-2023-09-01&tabs=HTTP'}]",content/azure-resources/operationalinsights/workspaces/recommendations.yaml,YAML,,,,,,,,,,,,,,
Move Older Logs to Azure Blob Storage,Manual,Low,Microsoft.OperationalInsights/Workspaces,"Use Azure Monitor Data Export to shift historical logs to Azure Blob Storage or Azure Data Explorer, where they can be stored more affordably without losing accessibility.
",UsageOptimization/OptimizeResources,ec2d2a09-dbd8-40f9-9a23-ef86631b3a2b,,Active,Optimize cost,False,False,False,,"[{'name': 'Log Analytics workspace data export in Azure Monitor', 'url': 'https://learn.microsoft.com/en-us/azure/azure-monitor/logs/logs'}]",content/azure-resources/operationalinsights/workspaces/recommendations.yaml,YAML,,,,,,,,,,,,,,
Optimize backup redundancy,Manual,Low,Microsoft.RecoveryServices/vaults,"Choose Locally Redundant Storage (LRS) for non-critical backups and use Geo-Redundant Storage (GRS) only for workloads requiring cross-region failover. Implement Read-Access Geo-Redundant Storage (RA-GRS) for read-only disaster recovery scenarios.
",UsageOptimization/OptimizeResources,07983135-890e-47c4-bb4d-07962beb405d,,Active,Optimize cost,False,False,False,,"[{'name': 'Reliability in Azure Backup', 'url': 'https://learn.microsoft.com/en-us/azure/reliability/reliability-backup'}]",content/azure-resources/recoveryServicesVault/recommendations.yaml,YAML,,,,,,,,,,,,,,
Optimize replication settings,Manual,Low,Microsoft.RecoveryServices/vaults,"Enable Cross-Region Replication (CRR) only for critical workloads, and use Zone-Redundant Storage (ZRS) instead of multi-region replication when availability zones are sufficient.
",UsageOptimization/OptimizeResources,2966f57a-8add-446f-9c23-72154696049f,,Active,Optimize cost,False,False,False,,"[{'name': 'Cross Region Restore (CRR) for Azure Virtual Machines using Azure Backup', 'url': 'https://azure.microsoft.com/en-us/blog/cross-region-restore-crr-for-azure-virtual-machines-using-azure-backup/'}]",content/azure-resources/recoveryServicesVault/recommendations.yaml,YAML,,,,,,,,,,,,,,
Reduce backup storage consumption,Manual,Low,Microsoft.RecoveryServices/vaults,"Use incremental backups instead of full backups to store only changed data blocks.
",UsageOptimization/OptimizeResources,cfac9e44-f215-49db-b54e-4a6990adc868,,Active,Optimize cost,False,False,False,,"[{'name': 'Backup types', 'url': 'https://learn.microsoft.com/en-us/azure/backup/backup-architecture#backup-types'}]",content/azure-resources/recoveryServicesVault/recommendations.yaml,YAML,,,,,,,,,,,,,,
Consider using Azure Policy built-in definitions for Azure Backup,Manual,Low,Microsoft.RecoveryServices/vaults,"Configure policies in Azure Backup to apply storage optimization settings automatically across workloads.
",UsageOptimization/OptimizeResources,36e19016-bc70-4e40-8ff6-a3988cbeedbb,,Active,Optimize cost,False,False,False,,"[{'name': 'Azure Policy built-in definitions for Azure Backup', 'url': 'https://learn.microsoft.com/en-us/azure/backup/policy-reference'}]",content/azure-resources/recoveryServicesVault/recommendations.yaml,YAML,,,,,,,,,,,,,,
Define data retention policies,Manual,Low,Microsoft.RecoveryServices/vaults,"Set organization-wide retention policies based on compliance, business requirements, and industry regulations (e.g., GDPR, HIPAA). Use **Azure Backup policies** to automate enforcement. 
",UsageOptimization/OptimizeResources,16f95f56-bde4-4554-bd0c-bd7cec2f99be,,Active,Optimize cost,False,False,False,,"[{'name': 'Backup Policy considerations', 'url': 'https://learn.microsoft.com/en-us/azure/backup/guidance-best-practices#backup-policy-considerations'}]",content/azure-resources/recoveryServicesVault/recommendations.yaml,YAML,,,,,,,,,,,,,,
Enable Soft Delete for Protection,Manual,Low,Microsoft.RecoveryServices/vaults,"Activate Soft Delete in Azure Backup and Blob Storage to protect against accidental deletions while ensuring automatic cleanup after the retention period.
",UsageOptimization/OptimizeResources,071f881c-5f29-438d-84d3-01a94f8de903,,Active,Optimize cost,False,False,False,,"[{'name': 'Soft delete for Azure Backup', 'url': 'https://learn.microsoft.com/en-us/azure/backup/backup-azure-security-feature-cloud?tabs=azure-portal'}]",content/azure-resources/recoveryServicesVault/recommendations.yaml,YAML,,,,,,,,,,,,,,
Consider Immutable vault for Azure Backup,Manual,Low,Microsoft.RecoveryServices/vaults,"For compliance-driven workloads, use Immutable Blob Storage to prevent deletion/modification of critical backup data during the required retention period.
",UsageOptimization/OptimizeResources,b3cb065b-e498-4cd7-bae2-82cd73deec00,,Active,Optimize cost,False,False,False,,"[{'name': 'Immutable vault for Azure Backup', 'url': 'https://learn.microsoft.com/en-us/azure/backup/backup-azure-immutable-vault-concept?tabs=recovery-services-vault'}]",content/azure-resources/recoveryServicesVault/recommendations.yaml,YAML,,,,,,,,,,,,,,
Adjust backup schedules based on workload,Manual,Low,Microsoft.RecoveryServices/vaults,"Reduce backup frequency for less critical workloads by customizing retention policies in Azure Backup.
",UsageOptimization/OptimizeResources,ed2fc61f-26b8-4ddc-881a-b749c9516ac1,,Active,Optimize cost,False,False,False,,"[{'name': 'Schedule considerations', 'url': 'https://learn.microsoft.com/en-us/azure/backup/guidance-best-practices#schedule-considerations'}]",content/azure-resources/recoveryServicesVault/recommendations.yaml,YAML,,,,,,,,,,,,,,
Consider using differential and log backups,Manual,Low,Microsoft.RecoveryServices/vaults,"Instead of frequent full backups, implement transaction log backups for SQL databases and incremental snapshots for virtual machines to save on storage.
",UsageOptimization/OptimizeResources,bc5ab84f-4914-42e4-a249-0666faec7a71,,Active,Optimize cost,False,False,False,,"[{'name': 'Transaction log backups (SQL Server)', 'url': 'https://learn.microsoft.com/en-us/sql/relational-databases/backup-restore/transaction-log-backups-sql-server?view=sql-server-ver16'}]",content/azure-resources/recoveryServicesVault/recommendations.yaml,YAML,,,,,,,,,,,,,,
Distribute backup workloads,Manual,Low,Microsoft.RecoveryServices/vaults,Use Azure Backup's built-in scheduling tools to stagger backup times and avoid peak-hour costs. Set up Azure Automation Runbooks to automate and optimize backup execution,UsageOptimization/OptimizeResources,bea81a41-febd-4dd1-bb99-2fe98eb02246,,Active,,,,,,,content/azure-resources/recoveryServicesVault/recommendations.yaml,YAML,,,,,,,,,,,,,,
AKS cluster agent pool scale set is not utilizing Spot VMs,Manual,Medium,Microsoft.containerservice/managedclusters,"Consider enabling Spot VMs for this AKS cluster to optimize costs, as Spot VMs offer significantly lower pricing compared to regular VMs
",UsageOptimization/OptimizeResources,c26abcc2-d5e6-4654-be4a-7d338e5c1e5f,,Active,Optimize existing resources,True,False,True,,"[{'name': 'xx', 'url': 'https://aka.ms/finops/toolkit'}]",content/azure-resources/compute/managedClusters/recommendations.yaml,YAML,,,,,,,,,,,,,,
Match VM sizes with actual workload requirements to avoid paying for unused capacity.,Manual,Medium,Microsoft.Compute/virtualMachines,"Use Microsoft Copilot in Azure to identify the best VM size based on your scenario needs and assess it in the context of your other configuration requirements.
",UsageOptimization/OptimizeResources,ce9ea6b1-e748-4013-aa71-a196b3bdba7a,,Active,Optimize existing resources,False,False,False,,"[{'name': 'Using Microsoft Copilot in Azure to find the best VM size for you', 'url': 'https://techcommunity.microsoft.com/blog/azurecompute/using-microsoft-copilot-in-azure-to-find-the-best-vm-size-for-you/4356049'}, {'name': 'Deploy virtual machines effectively using Microsoft Copilot in Azure', 'url': 'https://learn.microsoft.com/en-us/azure/copilot/deploy-vms-effectively'}]",content/azure-resources/compute/virtualMachines/recommendations.yaml,YAML,,,,,,,,,,,,,,
Use Burstable (B-Series) VMs,Manual,Low,Microsoft.Compute/virtualMachines,"Use Burstable VMs for workloads that typically have low CPU usage, offering cost efficiency for intermittent activity.
",UsageOptimization/OptimizeResources,2185ecf8-7084-432a-8d86-729c1155c778,,Active,Optimize existing resources,False,False,False,,"[{'name': 'B-Series VM size', 'url': 'https://learn.microsoft.com/en-us/azure/virtual-machines/sizes/general-purpose/b-family'}, {'name': 'B-Series CPU Credit Model', 'url': 'https://learn.microsoft.com/en-us/azure/virtual-machines/sizes/b-series-cpu-credit-model'}]",content/azure-resources/compute/virtualMachines/recommendations.yaml,YAML,,,,,,,,,,,,,,
Use Spot VMs,Manual,Low,Microsoft.Compute/virtualMachines,"Use Spot VMs to take advantage of discounted pricing for interruptible workloads like batch processing, testing, and stateless applications.
",UsageOptimization/OptimizeResources,c4ee932c-d5e5-4759-a275-7c333086f9bd,,Active,Optimize existing resources,False,False,False,,"[{'name': 'Use Azure Spot Virtual Machines', 'url': 'https://learn.microsoft.com/en-us/azure/virtual-machines/spot-vms'}, {'name': 'Spot Virtual Machine size recommendation', 'url': 'https://learn.microsoft.com/en-us/azure/virtual-machine-scale-sets/spot-vm-size-recommendation'}]",content/azure-resources/compute/virtualMachines/recommendations.yaml,YAML,,,,,,,,,,,,,,
Automatically Start/Stop VMs based on usage patterns,Manual,Medium,Microsoft.Compute/virtualMachines,"Use the Start/Stop VMs v2 feature to automatically start and stop Azure VMs based on a custom schedule. This reduces costs by running VMs only when needed. The feature supports multiple subscriptions, provides usage insights via Azure Application Insights, and can send optional notifications through action groups. Configure it in the Azure portal to optimize resource usage and cost efficiency.
",UsageOptimization/OptimizeResources,bcc098d1-9138-4ce2-8c43-e2fdaf28e714,,Active,Optimize existing resources,False,True,True,,"[{'name': 'Start/Stop VMs', 'url': 'https://learn.microsoft.com/en-us/azure/azure-functions/start-stop-vms/overview'}]",content/azure-resources/compute/virtualMachines/recommendations.yaml,YAML,,,,,,,,,,,,,,
Modernize workloads,Manual,Medium,Microsoft.Compute/virtualMachines,"Evaluate transitioning applications to Azure App Service or Azure Kubernetes Service (AKS) for scalable and cost-effective alternatives to traditional VMs.
",UsageOptimization/OptimizeResources,b5fc6ddb-e08b-4355-b3a4-15a4e8747aba,,Active,Optimize existing resources,False,True,True,,"[{'name': 'Assessment overview (migrate to Azure App Service)', 'url': 'https://learn.microsoft.com/en-us/azure/migrate/concepts-azure-webapps-assessment-calculation'}, {'name': 'Migrate to Azure Kubernetes Service (AKS)', 'url': 'https://learn.microsoft.com/en-us/azure/aks/aks-migration'}]",content/azure-resources/compute/virtualMachines/recommendations.yaml,YAML,,,,,,,,,,,,,,
Choose the right disk types for your workloads,Manual,Low,,"Before deploying your environment, understand the available disk types and their features. Use the Azure Pricing Calculator to estimate costs. For instance, Azure Premium SSD v2 allows you to fine-tune performance independently of disk size, helping optimize both cost and efficiency.
",UsageOptimization/OptimizeResources,,,Active,Optimize cost,False,False,False,,"[{'name': 'Azure managed disk types', 'url': 'https://learn.microsoft.com/en-us/azure/virtual-machines/disks-types'}]",content/azure-resources/compute/disks/recommendations.yaml,YAML,,,,,,,,,,,,,,
Leverage reserved capacity for Premium SSDs,Manual,Low,,"Prepaying for reserved capacity can significantly reduce the total cost of your environment by offering discounts on Premium SSD storage.
",UsageOptimization/OptimizeResources,,,Active,Optimize cost,False,False,False,,"[{'name': 'Reduce costs with Azure Disks Reservation', 'url': 'https://learn.microsoft.com/en-us/azure/virtual-machines/disks-reserved-capacity'}]",content/azure-resources/compute/disks/recommendations.yaml,YAML,,,,,,,,,,,,,,
Dynamically adjust performance for Ultra Disk Storage and Premium SSD v2,Manual,Low,,"These disk types allow performance adjustments a limited number of times within a 24-hour period. By scaling performance up during high demand (increasing cost) and down when demand decreases (reducing cost), you can optimize both performance and spending.
",UsageOptimization/OptimizeResources,,,Active,Optimize cost,False,False,False,,"[{'name': 'Using Azure Ultra Disks', 'url': 'https://learn.microsoft.com/en-us/azure/virtual-machines/disks-enable-ultra-ssd?tabs=azure-portal'}, {'name': 'Deploy Premium SSD v2', 'url': 'https://learn.microsoft.com/en-us/azure/virtual-machines/disks-deploy-premium-v2?tabs=azure-cli'}]",content/azure-resources/compute/disks/recommendations.yaml,YAML,,,,,,,,,,,,,,
Resize oversized disks to the minimum required size for the workload to optimize storage allocation,Manual,Low,,"Managed Disks cannot be shrunk, but they can be expanded if needed. To downsize, you need to create a new smaller disk and migrate data.
",UsageOptimization/OptimizeResources,,,Active,Optimize cost,False,False,False,,"[{'name': 'Decrease the size of an Azure data disk without losing data', 'url': 'https://learn.microsoft.com/en-us/troubleshoot/azure/virtual-machines/windows/downsize-data-disk-without-losing-data?tabs=windows'}]",content/azure-resources/compute/disks/recommendations.yaml,YAML,,,,,,,,,,,,,,
Consider using Ephemeral OS Disks for stateless workloads where OS persistence isn’t required,Manual,Low,,"Ephemeral OS Disks offer temporary storage at no cost, ideal for auto-scaling environments (e.g., VM Scale Sets), dev/test workloads and stateless applications.
",UsageOptimization/OptimizeResources,,,Active,Optimize cost,False,False,False,,"[{'name': 'Ephemeral OS disks for Azure VMs', 'url': 'https://learn.microsoft.com/en-us/azure/virtual-machines/ephemeral-os-disks'}]",content/azure-resources/compute/disks/recommendations.yaml,YAML,,,,,,,,,,,,,,
Choose the right app service plan,Manual,Medium,Microsoft.Web/serverfarms,"Choose the right App Service Plan tier based on workload needs: Free/Shared for testing, Basic/Standard for predictable production workloads, and Premium for high-performance apps requiring advanced features. Regularly assess usage to avoid over-provisioning and eliminate unnecessary costs.
",UsageOptimization/OptimizeResources,805b2668-ff6a-4c7d-86de-4fecb9279213,,Active,Optimize existing resources,False,False,False,,"[{'name': 'Azure App Service plan overview', 'url': 'https://learn.microsoft.com/en-us/azure/app-service/overview-hosting-plans'}, {'name': 'Understand the full billing model for Azure App Service', 'url': 'https://learn.microsoft.com/en-us/azure/app-service/overview-manage-costs#understand-the-full-billing-model-for-azure-app-service'}]",content/azure-resources/Web/serverfarms/recommendations.yaml,YAML,,,,,,,,,,,,,,
Upgrade from PremiumV2 to Premium V3,Manual,High,Microsoft.Web/serverfarms,"Upgrade your app service plans to Premium V3 for improved performance while saving around 20% compared to Premium V2. Use the App Service Pricing Calculator to compare costs and optimize your plan.
",UsageOptimization/OptimizeResources,b0d55865-daec-451a-8568-f779fa692bc4,,Active,Optimize existing resources,False,False,False,,"[{'name': 'Configure Premium V3 tier for Azure App Service', 'url': 'https://learn.microsoft.com/en-us/azure/app-service/app-service-configure-premium-tier'}, {'name': 'Azure App Service on Windows pricing', 'url': 'https://azure.microsoft.com/en-us/pricing/details/app-service/windows/'}]",content/azure-resources/Web/serverfarms/recommendations.yaml,YAML,,,,,,,,,,,,,,
Consider consolidating apps into fewer plans,Manual,Medium,Microsoft.Web/serverfarms,"To save costs, host multiple apps in one App Service Plan if resources allow. Ensure the plan can handle the additional load to avoid performance issues. Isolate an app in a new plan if it's resource-intensive, requires independent scaling, or needs deployment in a different region. Refer to SKU limits to avoid overloading. Keep in mind that active slots also consume resources.
",UsageOptimization/OptimizeResources,cff32dc5-57ec-45bf-ba4e-f695b13de92b,,Active,Optimize existing resources,False,False,False,,"[{'name': 'Should I put an app in a new plan or an existing plan?', 'url': 'https://learn.microsoft.com/en-us/azure/app-service/overview-hosting-plans#should-i-put-an-app-in-a-new-plan-or-an-existing-plan'}]",content/azure-resources/Web/serverfarms/recommendations.yaml,YAML,,,,,,,,,,,,,,
Implement efficient autoscaling,Manual,Medium,Microsoft.Web/serverfarms,"Use autoscaling instead of manual instance adjustments to optimize performance and costs. Choose a rule-free autoscaling option for simplicity, or define precise rules based on thorough performance testing. Ensure enough resources are available to meet performance targets, and account for application initialization time when setting scaling rules.
",UsageOptimization/OptimizeResources,cc18a06a-82cb-40ae-b72a-56b923f5ddbc,,Active,Optimize existing resources,False,False,False,,"[{'name': 'Overview of autoscale in Azure', 'url': 'https://learn.microsoft.com/en-us/azure/azure-monitor/autoscale/autoscale-overview'}]",content/azure-resources/Web/serverfarms/recommendations.yaml,YAML,,,,,,,,,,,,,,
Consider Serverless Options for Microservices,Manual,Low,Microsoft.Web/serverfarms,"Reduce costs and simplify management by replacing App Services with Azure Functions for event-driven workloads and Logic Apps for workflow automation. These serverless options scale automatically, eliminating infrastructure overhead while optimizing performance.
",UsageOptimization/OptimizeResources,bdaf8daa-586e-4779-ae6e-00ac2fc65327,,Active,Optimize existing resources,False,False,False,,"[{'name': 'Azure serverless overview Create cloud-based apps and solutions with Azure Logic Apps and Azure Functions', 'url': 'https://learn.microsoft.com/en-us/azure/logic-apps/logic-apps-serverless-overview'}]",content/azure-resources/Web/serverfarms/recommendations.yaml,YAML,,,,,,,,,,,,,,
Analyze Network Traffic Patterns,Manual,Low,Microsoft.Network,"Review inbound and outbound traffic patterns using Azure Network Watcher to identify inefficient routing or unnecessary data transfers that may increase costs.
",UsageOptimization/OptimizeResources,23d0c37c-dbfe-4b99-ab17-1f0dcf35e36f,,Active,Optimize cost,False,False,False,,"[{'name': 'Overview Azure Network Watcher', 'url': 'https://learn.microsoft.com/en-us/azure/network-watcher/network-watcher-overview'}]",content/azure-resources/network/recommendations.yaml,YAML,,,,,,,,,,,,,,
Minimize Cross-Region Traffic,Manual,Low,Microsoft.Network,"To minimize cross-region data transfer costs, design your applications to keep traffic within the same Azure region whenever possible. Group related resources within the same region to avoid unnecessary data transfer charges.
",UsageOptimization/OptimizeResources,d68bbda7-1896-4900-89a3-8e619190037b,,Active,Optimize cost,False,False,False,,"[{'name': None, 'url': 'https://learn.microsoft.com/en-us/azure/architecture/networking/#best-practices'}, {'name': None, 'url': 'https://learn.microsoft.com/en-us/azure/architecture/networking/guide/spoke-to-spoke-networking'}]",content/azure-resources/network/recommendations.yaml,YAML,,,,,,,,,,,,,,
Evaluate VNet Peering vs. ExpressRoute for Inter-Region Connections,Manual,Low,Microsoft.Network,"VNet Peering typically provides lower latency and costs for inter-region traffic within Azure. However, for high-volume traffic, ExpressRoute may be a more cost-effective option.
",UsageOptimization/OptimizeResources,2b2574f8-e392-41d8-8b18-e6cf8e11a905,,Active,Optimize cost,False,False,False,,"[{'name': None, 'url': 'https://learn.microsoft.com/en-us/azure/expressroute/virtual-network-connectivity-guidance'}]",content/azure-resources/network/recommendations.yaml,YAML,,,,,,,,,,,,,,
Utilize Basic SKUs for Test Environments,Manual,Low,Microsoft.Network,"Use the Basic SKU for non-production environments, such as development or testing, where high availability and advanced features are not required. Therefore, for non-production environments, while Basic SKUs can be utilized, ensure that the specific resources you plan to use are not slated for retirement and that their feature limitations align with your testing or development needs.
",UsageOptimization/OptimizeResources,8a6cea3d-3973-4076-b030-e561f5073946,,Active,Optimize cost,False,False,False,,"[{'name': 'About gateway SKUs', 'url': 'https://learn.microsoft.com/en-us/azure/vpn-gateway/about-gateway-skus'}]",content/azure-resources/network/recommendations.yaml,YAML,,,,,,,,,,,,,,
Monitor Bandwidth Usage with Azure Monitor,Manual,Low,Microsoft.Network,"Set up alerts to detect traffic spikes that may indicate increased data transfer costs.
",UsageOptimization/OptimizeResources,add87d64-9441-44c6-b808-5d586417e365,,Active,Optimize cost,False,False,False,,"[{'name': 'Choosing the right type of alert rule', 'url': 'https://learn.microsoft.com/en-us/azure/azure-monitor/alerts/alerts-types'}]",content/azure-resources/network/recommendations.yaml,YAML,,,,,,,,,,,,,,
Choose Between Microsoft Network and Public Internet,Manual,Low,Microsoft.Network,"Azure routes outbound traffic through the Microsoft global network, offering lower latency and higher reliability. However, for large volumes of outbound traffic, routing through the public internet can be more cost-effective. It's essential to evaluate your application's performance requirements and data transfer costs to determine the most suitable routing option.
",UsageOptimization/OptimizeResources,ff44a480-66fb-48bb-ad80-a660fe912c2b,,Active,Optimize cost,False,False,False,,"[{'name': 'What is routing preference', 'url': 'https://learn.microsoft.com/en-us/azure/virtual-network/ip-services/routing-preference-overview'}]",content/azure-resources/network/recommendations.yaml,YAML,,,,,,,,,,,,,,
Purchase RI for supported services based on usage - Network appliance virtual machine,Manual,Low,Microsoft.Network/networkVirtualAppliances,"Purchase Reserved Instances (RI) for Network Appliance Virtual Machines to save up to 72% on costs by committing to a one- or three-year term, ensuring predictable spending for consistently used network appliances like firewalls and VPN gateways.
",RateOptimization/OptimizingUsage,e551192c-8603-43e1-a4c8-6ccbfcc9ee4e,,Active,Optimize cost,False,False,False,,"[{'name': 'Save costs with Azure Reserved VM Instances', 'url': 'https://learn.microsoft.com/en-us/azure/virtual-machines/prepay-reserved-vm-instances'}]",content/azure-resources/network/networkVirtualAppliances/recommendations.yaml,YAML,,,,,,,,,,,,,,
Consider migrating to Front Door Standard/Premium,Manual,Low,Microsoft.Network/frontDoors,"Front Door Classic tier contains a large number of domains or routing rules, which adds extra charges. Front Door Standard or Premium doesn't charge per additional domain or routing rule. Consider migrating to save costs.
",UsageOptimization/OptimizeResources,c4bb7be2-7990-40d8-97e1-e446a7499896,,Active,Optimize cost,False,False,False,,"[{'name': 'Consider migrating to Front Door Standard/Premium', 'url': 'https://learn.microsoft.com/en-us/azure/advisor/advisor-reference-cost-recommendations#consider-migrating-to-front-door-standardpremium'}]",content/azure-resources/network/frontDoors/recommendations.yaml,YAML,,,,,,,,,,,,,,
Use Bastion Developer SKU for Non-Production Environments,Manual,Low,Microsoft.Network/bastionHosts,"A cost-effective option for development and testing environments.
",UsageOptimization/OptimizeResources,50a60052-4694-4552-b164-6239e0821ae5,,Active,Optimize cost,False,False,False,,"[{'name': 'Deploy Azure Bastion - Developer SKU', 'url': 'https://learn.microsoft.com/en-us/azure/bastion/quickstart-developer-sku'}]",content/azure-resources/network/bastionHosts/recommendations.yaml,YAML,,,,,,,,,,,,,,
Migrate from Basic Load Balancer to Standard Load Balancer,Manual,Low,Microsoft.Network/loadBalancers,"The Basic Load Balancer will be discontinued in September 2025. Migrate to the Standard Load Balancer for advanced features and ongoing support.
",UsageOptimization/OptimizeResources,f1928415-f734-4108-9f68-2022c1acb0b0,,Active,Advanced features,False,False,False,,"[{'name': 'Upgrading from Basic Load Balancer - Guidance', 'url': 'https://learn.microsoft.com/en-us/azure/load-balancer/load-balancer-basic-upgrade-guidance'}]",content/azure-resources/network/loadBalancer/recommendations.yaml,YAML,,,,,,,,,,,,,,
Validate Backend Pool Configuration,Manual,Low,Microsoft.Network/loadBalancers,"Ensure backend pool validation for efficient Load Balancer utilization.
",UsageOptimization/OptimizeResources,c6836d0d-9cf6-4cb0-bcfb-8892309e59b3,,Active,Efficient utilization,False,False,False,,"[{'name': 'Backend pool management', 'url': 'https://learn.microsoft.com/en-us/azure/load-balancer/backend-pool-management'}]",content/azure-resources/network/loadBalancer/recommendations.yaml,YAML,,,,,,,,,,,,,,
Microsoft Azure load balancers enable dynamic scaling based on application demand,Manual,Low,Microsoft.Network/loadBalancer,"The dynamic scaling ensures that resources are efficiently allocated, reducing unnecessary expenditures during periods of low demand and maintaining performance during peak usage.
",UsageOptimization/OptimizeResources,fcd8fef4-4c24-4563-af00-2391630b00c6,,Active,Optimize cost,False,False,False,,"[{'name': 'Guidance for Virtual Machine Scale Sets with Azure Load Balancer', 'url': 'https://learn.microsoft.com/en-us/azure/load-balancer/load-balancer-standard-virtual-machine-scale-sets'}]",content/azure-resources/network/loadBalancer/recommendations.yaml,YAML,,,,,,,,,,,,,,
Use Azure Traffic Manager for Geographic Routing,Manual,Low,Microsoft.Network/trafficManagerProfiles,"Azure Traffic Manager's geographic routing method allows you to direct user traffic based on the source IP address's geographic location, enabling you to serve users from the nearest endpoint, thereby reducing latency and minimizing unnecessary cross-region traffic. 
",UsageOptimization/OptimizeResources,2d240a90-bd00-488d-80fd-0bf45b0dae2e,,Active,Reduce latency,False,False,False,,"[{'name': 'Configure the geographic traffic routing method using Traffic Manager', 'url': 'https://learn.microsoft.com/en-us/azure/traffic-manager/traffic-manager-configure-geographic-routing-method'}]",content/azure-resources/network/trafficManagerProfiles/recommendations.yaml,YAML,,,,,,,,,,,,,,
Use Route Tables and NSGs to Optimize Traffic Flow,Manual,Low,Microsoft.Network/networkSecurityGroups,"By leveraging custom route tables, you can direct traffic through specific paths, such as Network Virtual Appliances (NVAs), ensuring efficient routing and control over data flow. NSGs allow you to define security rules to permit or deny traffic to and from your resources, enhancing security by controlling access.
",UsageOptimization/OptimizeResources,4b26aedb-e0e0-4072-95ba-319c7d99adc6,,Active,Efficient routing,False,False,False,,"[{'name': None, 'url': 'https://learn.microsoft.com/en-us/azure/virtual-network/virtual-networks-udr-overview'}]",content/azure-resources/network/networkSecurityGroups/recommendations.yaml,YAML,,,,,,,,,,,,,,
Use Network Security Groups (NSGs) for Basic Security Needs,Manual,Low,Microsoft.Network/networkSecurityGroups,"NSGs provide a cost-effective option for controlling inbound and outbound traffic at the subnet or virtual machine level.
",UsageOptimization/OptimizeResources,75bd56ec-5b6f-4b28-a4c4-ec98dc050d73,,Active,Optimize cost,False,False,False,,"[{'name': 'About Network security groups', 'url': 'https://learn.microsoft.com/en-us/azure/virtual-network/network-security-groups-overview'}]",content/azure-resources/network/networkSecurityGroups/recommendations.yaml,YAML,,,,,,,,,,,,,,
Leverage Content Delivery Network (CDN),Manual,Low,Microsoft.Cdn/profiles,"For content-heavy applications, use Azure CDN to cache content closer to users, reducing repeated data transfers from origin servers, lowering egress costs, and improving application performance. Implementing Azure CDN can significantly enhance user experience by reducing latency and load times.
",UsageOptimization/OptimizeResources,64b3f568-fe4d-4368-b5cb-20c4130df1f4,,Active,Reduce Latency,False,False,False,,"[{'name': None, 'url': 'https://learn.microsoft.com/en-us/azure/cdn/cdn-optimization-overview'}]",content/azure-resources/network/cdn/profiles/recommendations.yaml,YAML,,,,,,,,,,,,,,
Select the Appropriate Application Gateway Tier,Manual,Low,Microsoft.Network/applicationGateways,"The Standard tier offers essential Layer 7 load balancing features, including SSL offloading and URL-based routing. In contrast, the WAF tier provides all the functionalities of the Standard tier, along with additional protection against common web vulnerabilities by inspecting incoming traffic using predefined rulesets.
",UsageOptimization/OptimizeResources,2acd3728-7e37-48d7-87a0-a32c499b55c5,,Active,Improve security,False,False,False,,"[{'name': 'Understanding Pricing for Azure Application Gateway and Web Application Firewall', 'url': 'https://learn.microsoft.com/en-us/azure/application-gateway/understanding-pricing'}]",content/azure-resources/network/applicationGateway/recommendations.yaml,YAML,,,,,,,,,,,,,,
Use Autoscaling for Application Gateway,Manual,Low,Microsoft.Network/applicationGateways,"Optimize resource allocation based on traffic demand. With autoscaling enabled, the Application Gateway and WAF v2 SKUs scale out or in based on application traffic requirements.
",UsageOptimization/OptimizeResources,4d72ab17-c0df-4d46-bd03-5be366af2301,,Active,Improve efficiency,False,False,False,,"[{'name': 'Scaling Application Gateway v2 and WAF v2', 'url': 'https://learn.microsoft.com/en-us/azure/application-gateway/application-gateway-autoscaling-zone-redundant'}]",content/azure-resources/network/applicationGateway/recommendations.yaml,YAML,,,,,,,,,,,,,,
Apply DDoS Protection Plans Selectively,Manual,Low,Microsoft.Network/ddosProtectionPlans,"While all Azure services include free basic DDoS protection, mission-critical applications can benefit from the enhanced features of the Azure DDoS Protection Plan (Standard). This premium service offers advanced mitigation capabilities, including always-on traffic monitoring, adaptive real-time tuning, and detailed attack analytics, which are essential for protecting high-priority workloads.
",UsageOptimization/OptimizeResources,a480a35f-d045-406b-a370-67fcb564024c,,Active,Targeted protection,False,False,False,,"[{'name': 'Building a DDoS Response Plan', 'url': 'https://techcommunity.microsoft.com/blog/azurenetworksecurityblog/building-a-ddos-response-plan/4372256'}]",content/azure-resources/network/ddosProtectionPlans/recommendations.yaml,YAML,,,,,,,,,,,,,,
Consider DDoS Protection Per IP for Limited Public IPs,Manual,Low,Microsoft.Network/ddosProtectionPlans,"For customers with a few public IPs, DDoS Protection per IP may be more cost-effective than the VNet-based plan.
",UsageOptimization/OptimizeResources,b53f36fe-628d-4f7a-b935-612b02983eac,,Active,Optimize cost,False,False,False,,"[{'name': 'About Azure DDoS Protection Tier Comparison', 'url': 'https://learn.microsoft.com/en-us/azure/ddos-protection/ddos-protection-sku-comparison'}]",content/azure-resources/network/ddosProtectionPlans/recommendations.yaml,YAML,,,,,,,,,,,,,,
Right-Size Network Gateways,Manual,Low,Microsoft.Network/virtualNetworkGateways,"Configure VPN gateways with appropriate SKU sizes that align with your traffic needs. Avoid over-provisioning to prevent unnecessary costs while ensuring scalability.
",UsageOptimization/OptimizeResources,fd1d7585-5edb-41f3-81e2-8d1eea419b3b,,Active,Optimize cost,False,False,False,,"[{'name': 'Azure VPN Gateway', 'url': 'https://learn.microsoft.com/en-us/azure/vpn-gateway/vpn-gateway-about-vpngateways'}, {'name': 'About gateway SKUs', 'url': 'https://learn.microsoft.com/en-us/azure/vpn-gateway/about-gateway-skus'}]",content/azure-resources/network/virtualNetworkGateways/recommendations.yaml,YAML,,,,,,,,,,,,,,
Leverage Virtual Network Gateway for Scalability,Manual,Low,Microsoft.Network/virtualNetworkGateways,"To enhance scalability in development environments, consider selecting an appropriate Virtual Network Gateway SKU that aligns with your anticipated traffic demands. For instance, higher-tier SKUs allocate more CPUs and network bandwidth, supporting increased network throughput. This flexibility allows you to start with a lower-capacity gateway in development and scale up as needed. 
",UsageOptimization/OptimizeResources,e30cff0c-8e71-480e-89a8-40e973f3be7f,,Active,Improve scalability,False,False,False,,"[{'name': 'About gateway SKUs', 'url': 'https://learn.microsoft.com/en-us/azure/vpn-gateway/vpn-gateway-about-vpngateways'}]",content/azure-resources/network/virtualNetworkGateways/recommendations.yaml,YAML,,,,,,,,,,,,,,
"Disallow creation of public IPs using policies, if not required",Manual,Low,Microsoft.Network/publicIPAddresses,"Leverage Azure Policy to deny the network interfaces which are configured with any public IP. Public IP addresses allow internet resources to communicate inbound to Azure resources, and Azure resources to communicate outbound to the internet. This should be reviewed by the network security team.
",UsageOptimization/OptimizeResources,312c7949-4dbb-4ffc-9ceb-2d4063ad3c1f,,Active,Enhance security,False,False,False,,"[{'name': 'Disallow creation of public IPs using policies, if not required', 'url': 'https://portal.azure.com/#blade/Microsoft_Azure_Policy/PolicyDetailBlade/definitionId/%2fproviders%2fMicrosoft.Authorization%2fpolicyDefinitions%2f83a86a26-fd1f-447c-b59d-e51f44264114'}]",content/azure-resources/network/publicIPAddresses/recommendations.yaml,YAML,,,,,,,,,,,,,,
"Consider ExpressRoute for Consistent, High-Volume Traffic",Manual,Low,Microsoft.Network/expressRouteCircuits,"Azure ExpressRoute provides a private, dedicated network connection between on-premises infrastructure and Azure, offering enhanced reliability, speed, and security compared to public internet connections. 
",UsageOptimization/OptimizeResources,2b4d68ae-2968-431d-84cf-f80f371ec55c,,Active,Enhance reliability,False,False,False,,"[{'name': 'Azure ExpressRoute', 'url': 'https://learn.microsoft.com/en-us/azure/expressroute/expressroute-introduction'}]",content/azure-resources/network/expressRouteCircuits/recommendations.yaml,YAML,,,,,,,,,,,,,,
SQL Database elastic pool has no associated databases,Automated,High,type,Review and remove this resource if not needed,UsageOptimization/OrphanedResources,,50987aae-a46d-49ae-bd41-a670a4dd18bd,,,,,,,,content/azure-resources/sql/servers/kql/50987aae-a46d-49ae-bd41-a670a4dd18bd.kql,KQL,tolower(elasticPoolRG),now(),50987aae-a46d-49ae-bd41-a670a4dd18bd,Review and remove this resource if not needed,Microsoft.FinOpsToolkit,strcat(tolower(elasticPoolId),sql,UsageOptimization/OrphanedResources,Preview,Cost,SQL Database elastic pool has no associated databases,High,type,"strcat('\""skuName\"": "
tostring(properties.shortDescription.problem),Automated,tostring(properties.impact),tolower(properties.impactedField),tostring(properties.shortDescription.solution),tostring(properties.extendedProperties.recommendationControl),,tostring(properties.recommendationTypeId),,,,,,,,content/azure-resources/advisor/advisor/kql/84a8b25f-0088-44ce-ac35-19e846b055dd.kql,KQL,tolower(resourceGroup),tostring(properties.lastUpdated),tostring(properties.recommendationTypeId),tostring(properties.shortDescription.solution),Azure.Advisor,id,advisor,tostring(properties.extendedProperties.recommendationControl),tostring(properties.extendedProperties.maturityLevel),tostring(properties.category),tostring(properties.shortDescription.problem),tostring(properties.impact),tolower(properties.impactedField),tostring(properties.extendedProperties)
Backup has not been updated in 90 days,Automated,High,type,Check if the virtual machine exists and is required. Delete the backup if not.,UsageOptimization/OrphanedResources,,6397d9f8-e239-4ac2-bbb8-ee780a280293,,,,,,,,content/azure-resources/recoveryServicesVault/kql/6397d9f8-e239-4ac2-bbb8-ee780a280293.kql,KQL,tolower(resourceGroup),now(),6397d9f8-e239-4ac2-bbb8-ee780a280293,Check if the virtual machine exists and is required. Delete the backup if not.,Microsoft.FinOpsToolkit,strcat(tolower(resourceId),recoveryServicesVault,UsageOptimization/OrphanedResources,Preview,Cost,Backup has not been updated in 90 days,High,type,"strcat('{\""idleBackup\"": "
The AKS cluster agent pool scale set is not utilizing Spot VMs,Automated,Medium,type,Consider enabling Spot VMs for this AKS cluster to optimize costs,UsageOptimization/OptimizeResources,,c26abcc2-d5e6-4654-be4a-7d338e5c1e5f,,,,,,,,content/azure-resources/compute/managedClusters/kql/c26abcc2-d5e6-4654-be4a-7d338e5c1e5f.kql,KQL,tolower(resourceGroup),now(),c26abcc2-d5e6-4654-be4a-7d338e5c1e5f,Consider enabling Spot VMs for this AKS cluster to optimize costs,Microsoft.FinOpsToolkit,strcat(tolower(id),compute,UsageOptimization/OptimizeResources,Preview,Cost,The AKS cluster agent pool scale set is not utilizing Spot VMs,Medium,type,"strcat('{\""AutoScaleEnabled\"": "
Virtual machine is powered off but not deallocated,Automated,Medium,type,Deallocate the virtual machine to ensure it does not incur in compute costs,UsageOptimization/OptimizeResources,,ab2ff882-e927-4093-9d11-631be0219975,,,,,,,,content/azure-resources/compute/virtualMachines/kql/ab2ff882-e927-4093-9d11-631be0219975.kql,KQL,tolower(resourceGroup),now(),ab2ff882-e927-4093-9d11-631be0219975,Deallocate the virtual machine to ensure it does not incur in compute costs,Microsoft.FinOpsToolkit,strcat(tolower(id),compute,UsageOptimization/OptimizeResources,Preview,Cost,Virtual machine is powered off but not deallocated,Medium,type,"strcat('\""PowerState\"": "
Windows virtual machine is not leveraging Azure Hybrid Benefit,Automated,Medium,vmType,Review the virtual machine licensing option,RateOptimization/Licensing,,f326c065-b9f7-4a0e-a0f1-5a1c060bc25d,,,,,,,,content/azure-resources/compute/virtualMachines/kql/f326c065-b9f7-4a0e-a0f1-5a1c060bc25d.kql,KQL,tolower(vmResourceGroup),now(),f326c065-b9f7-4a0e-a0f1-5a1c060bc25d,Review the virtual machine licensing option,Microsoft.FinOpsToolkit,strcat(tolower(WindowsId),compute,RateOptimization/Licensing,Preview,Cost,Windows virtual machine is not leveraging Azure Hybrid Benefit,Medium,vmType,"strcat('{\""VMSku\"": "
Unattached (orphaned) disk is incurring in storage costs,Automated,High,type,Remove or downgrade the unattached disk,UsageOptimization/OrphanedResources,,e0c02939-ce02-4f9d-881f-8067ae7ec90f,,,,,,,,content/azure-resources/compute/disks/kql/e0c02939-ce02-4f9d-881f-8067ae7ec90f.kql,KQL,tolower(resourceGroup),now(),e0c02939-ce02-4f9d-881f-8067ae7ec90f,Remove or downgrade the unattached disk,Microsoft.FinOpsToolkit,strcat(tolower(DiskId),compute,UsageOptimization/OrphanedResources,Preview,Cost,Unattached (orphaned) disk is incurring in storage costs,High,type,"strcat('{\""DiskSizeGB\"": "
Premium Firewall without Premium Features,Automated,Medium,type,The Premium Firewall SKU is missing a policy with premium features (e.g.,UsageOptimization/OptimizeResources,,4a826567-12d7-4d14-960f-9d3586d3b21e,,,,,,,,content/azure-resources/network/azureFirewalls/kql/4a826567-12d7-4d14-960f-9d3586d3b21e.kql,KQL,tolower(resourceGroup),now(),4a826567-12d7-4d14-960f-9d3586d3b21e,The Premium Firewall SKU is missing a policy with premium features (e.g.,Microsoft.FinOpsToolkit,strcat(tolower(FWID),network,UsageOptimization/OptimizeResources,Preview,Cost,Premium Firewall without Premium Features,Medium,type,"strcat('{\""PolicyName\"": "
Load balancer without a backend pool,Automated,High,type,Review and remove this resource if not needed,UsageOptimization/OrphanedResources,,ab703887-fa23-4915-abdc-3defbea89f7a,,,,,,,,content/azure-resources/network/loadBalancer/kql/ab703887-fa23-4915-abdc-3defbea89f7a.kql,KQL,tolower(resourceGroup),now(),ab703887-fa23-4915-abdc-3defbea89f7a,Review and remove this resource if not needed,Microsoft.FinOpsToolkit,strcat(tolower(id),network,UsageOptimization/OrphanedResources,Preview,Cost,Load balancer without a backend pool,High,type,"strcat('\""SKUName\"": "
Application Gateway without any backend pool,Automated,High,type,Review and remove this resource if not needed,UsageOptimization/OrphanedResources,,4f69df93-5972-44e0-97cf-4343c2bcf4b8,,,,,,,,content/azure-resources/network/applicationGateway/kql/4f69df93-5972-44e0-97cf-4343c2bcf4b8.kql,KQL,tolower(resourceGroup),now(),4f69df93-5972-44e0-97cf-4343c2bcf4b8,Review and remove this resource if not needed,Microsoft.FinOpsToolkit,strcat(tolower(id),network,UsageOptimization/OrphanedResources,Preview,Cost,Application Gateway without any backend pool,High,type,"strcat('{\""backendIPCount\"": "
Unattached (orphaned) public IP is incurring in networking costs,Automated,Low,type,Review and remove this resource if not needed,UsageOptimization/OrphanedResources,,3ecbf770-9404-4504-a450-cc198e8b2a7d,,,,,,,,content/azure-resources/network/publicIPAddresses/kql/3ecbf770-9404-4504-a450-cc198e8b2a7d.kql,KQL,tolower(resourceGroup),now(),3ecbf770-9404-4504-a450-cc198e8b2a7d,Review and remove this resource if not needed,Microsoft.FinOpsToolkit,strcat(tolower(PublicIpId),network,UsageOptimization/OrphanedResources,Preview,Cost,Unattached (orphaned) public IP is incurring in networking costs,Low,type,
